freeAllEvents_92de0	freeAllEvents	92de0	12
pause_93ae8	pause	93ae8	24
IsCategoryEnabled_9326c	IsCategoryEnabled	9326c	28
playMusicFadeOutCurrent_93524	playMusicFadeOutCurrent	93524	38
resume_9384c	resume	9384c	38
stopAllSoundFXEvents_92dac	stopAllSoundFXEvents	92dac	50
getParam_92ee4	getParam	92ee4	56
isPlaying_931e4	isPlaying	931e4	62
isChannelActive_93228	isChannelActive	93228	62
setParamValue_93874	setParamValue	93874	62
setParamValue_92f20	setParamValue	92f20	64
setParamValue_92f64	setParamValue	92f64	64
disableReverb_9392c	disableReverb	9392c	82
pause_937f0	pause	937f0	86
getEventPauseLength_93a14	getEventPauseLength	93a14	86
enableCategory_93288	enableCategory	93288	108
enableReverb_938b8	enableReverb	938b8	110
getPlayingProgress_93988	getPlayingProgress	93988	130
pauseAllPlayingSoundFXEvents_93bfc	pauseAllPlayingSoundFXEvents	93bfc	134
init_92c30	init	92c30	316
updateAll_92ff0	updateAll	92ff0	494
play_932f4	play	932f4	548
updateEvent3DAttributes_935a8	updateEvent3DAttributes	935a8	578
