Ship_17457c	Ship	17457c	146
refreshValue_174608	refreshValue	174608	864
_Ship_1749a4	~Ship	1749a4	114
getHandlingForShop_174a1c	getHandlingForShop	174a1c	90
getHandling_174a68	getHandling	174a68	90
getCombinedHP_174ab8	getCombinedHP	174ab8	90
getMaxHP_174afe	getMaxHP	174afe	82
changeLoad_174c4c	changeLoad	174c4c	68
replaceCargo_174c90	replaceCargo	174c90	102
getFirstEquipmentOfSort_174ce4	getFirstEquipmentOfSort	174ce4	116
hasEquipment_174d44	hasEquipment	174d44	100
hasVolatileGoods_174d90	hasVolatileGoods	174d90	60
hasCargo_174db2	hasCargo	174db2	100
removeCargo_174e38	removeCargo	174e38	68
removeCargo_174e64	removeCargo	174e64	142
removeAllCargo_174eda	removeAllCargo	174eda	48
setCargo_174f00	setCargo	174f00	108
getCargo_174f58	getCargo	174f58	86
addCargo_174faa	addCargo	174faa	74
addCargo_174fe8	addCargo	174fe8	50
replaceEquipment_175000	replaceEquipment	175000	76
removeEquipment_175034	removeEquipment	175034	86
setEquipment_175072	setEquipment	175072	66
setEquipment_17509c	setEquipment	17509c	72
getEquipment_1750cc	getEquipment	1750cc	152
getSlotPos_17515a	getSlotPos	17515a	108
addEquipment_1751ae	addEquipment	1751ae	110
setEquipment_175204	setEquipment	175204	132
getCargoValue_175270	getCargoValue	175270	76
getEquipmentValue_1752a4	getEquipmentValue	1752a4	72
freeAllSlots_1752d8	freeAllSlots	1752d8	58
freeSlot_1752fa	freeSlot	1752fa	98
freeSlot_175344	freeSlot	175344	92
getUsedSlots_1753aa	getUsedSlots	1753aa	78
slotAvailable_1753e0	slotAvailable	1753e0	86
clone_175444	clone	175444	138
priceDecline_1754c8	priceDecline	1754c8	66
adjustPrice_1754f8	adjustPrice	1754f8	186
addMod_1755bc	addMod	1755bc	206
setMods_1756ce	setMods	1756ce	186
