getRewardItem_14ef42	getRewardItem	14ef42	6
getRewardAmount_14ef48	getRewardAmount	14ef48	6
getDockingIndex_14f10a	getDockingIndex	14f10a	6
isRotating_14f1cc	isRotating	14f1cc	22
gameWon_14f0a4	gameWon	14f0a4	34
rotateLeftCW_14f0c6	rotateLeftCW	14f0c6	34
rotateRightCW_14f0e8	rotateRightCW	14f0e8	34
gameWon_14f110	gameWon	14f110	40
rotateRightCW_14ef50	rotateRightCW	14ef50	56
rotateLeftCW_14ef8c	rotateLeftCW	14ef8c	56
update_14f138	update	14f138	142
HackingGame_14ecc8	HackingGame	14ecc8	204
solvableInNSteps_14efc8	solvableInNSteps	14efc8	216
reInit_14ed9c	reInit	14ed9c	404
render2D_14f1e4	render2D	14f1e4	2054
