MGame_177b30	MGame	177b30	206
OnRender3D_180dcc	OnRender3D	180dcc	246
switchCamera_17c4e8	switchCamera	17c4e8	314
OnRelease_17c6bc	OnRelease	17c6bc	518
OnTouchMove_1799dc	OnTouchMove	1799dc	528
freeCamTouchMove_178af8	freeCamTouchMove	178af8	552
handleAccelerometer_178714	handleAccelerometer	178714	554
UseKhadorDrive_179d5c	UseKhadorDrive	179d5c	572
reset_178470	reset	178470	596
gameOverCheck_180514	gameOverCheck	180514	632
startJumpScene_17c0d4	startJumpScene	17c0d4	814
updateJumpScene_17f588	updateJumpScene	17f588	852
dockEvent_17f920	dockEvent	17f920	1140
OnRender2D_1808c0	OnRender2D	1808c0	1208
successCheck_17ff58	successCheck	17ff58	1334
OnInitialize_177c50	OnInitialize	177c50	1978
OnTouchBegin_178e64	OnTouchBegin	178e64	2836
OnTouchEnd_17a144	OnTouchEnd	17a144	7566
OnUpdate_17c8d8	OnUpdate	17c8d8	10544
