readRecord_cd25c	readRecord	cd25c	14
notEnoughMemory_cbb30	notEnoughMemory	cbb30	22
_RecordHandler_cbb08	~RecordHandler	cbb08	34
readAllPreviewRecords_cbb48	readAllPreviewRecords	cbb48	70
readAllRecords_cbcdc	readAllRecords	cbcdc	70
writeByteArrayAsOptionsFile_cddd8	writeByteArrayAsOptionsFile	cddd8	100
readOptionsFileAsByteArray_cdd4c	readOptionsFileAsByteArray	cdd4c	116
writeByteArrayAsRecord_cdcb0	writeByteArrayAsRecord	cdcb0	128
RecordHandler_cba2c	RecordHandler	cba2c	150
readRecordAsByteArray_cdbfc	readRecordAsByteArray	cdbfc	152
recordStoreReadPreview_cbbf0	recordStoreReadPreview	cbbf0	200
recordStoreWritePreview_cfea4	recordStoreWritePreview	cfea4	218
addHashToOptions_cdafc	addHashToOptions	cdafc	234
recordStoreWritePreview_cfd78	recordStoreWritePreview	cfd78	248
checkHash_cd7b0	checkHash	cd7b0	250
addHash_cdea0	addHash	cdea0	254
changeSaveDirectoryToBackupDirectory_d0258	changeSaveDirectoryToBackupDirectory	d0258	282
writeWanted_cfc40	writeWanted	cfc40	290
writeMission_cf840	writeMission	cf840	402
readWanted_ce6c8	readWanted	ce6c8	436
loadResolutionValue_cd260	loadResolutionValue	cd260	464
convertSDVersionSaves_cffa8	convertSDVersionSaves	cffa8	488
saveOptions_cd8c8	saveOptions	cd8c8	510
writeAgent_cf9f0	writeAgent	cf9f0	548
readMission_cdfb4	readMission	cdfb4	558
loadOptions_cd450	loadOptions	cd450	790
readAgent_ce250	readAgent	ce250	866
recordStoreWrite_ce8ac	recordStoreWrite	ce8ac	3808
recordStoreRead_cbd34	recordStoreRead	cbd34	5014
