sqrt_e8c80	sqrt	e8c80	8
getKeyActionName_e8c68	getKeyActionName	e8c68	10
replaceKeyBindingTokens_e8c72	replaceKeyBindingTokens	e8c72	14
drawLines_e4688	drawLines	e4688	20
reportLeaderboards_e4b90	reportLeaderboards	e4b90	26
releaseResources_e479c	releaseResources	e479c	34
getItemName_e4b68	getItemName	e4b68	34
resetHints_e3938	resetHints	e3938	38
addSoundResourceToList_e55a6	addSoundResourceToList	e55a6	38
getRandomSystemForDrinks_e4b38	getRandomSystemForDrinks	e4b38	40
getRandomStation_e4af0	getRandomStation	e4af0	54
getKeyBindingReplaceString_e8c1c	getKeyBindingReplaceString	e8c1c	56
startNewSoundResourceList_e5554	startNewSoundResourceList	e5554	64
getRandomPlanetName_e4a8c	getRandomPlanetName	e4a8c	82
drawLines_e458c	drawLines	e458c	114
drawLines_e4608	drawLines	e4608	120
getRandomEnemyFighter_e49dc	getRandomEnemyFighter	e49dc	160
getBoundedString_e469c	getBoundedString	e469c	186
longToTimeStringNoSeconds_e3c68	longToTimeStringNoSeconds	e3c68	294
getRandomName_e40b4	getRandomName	e40b4	298
getLine_e4230	getLine	e4230	306
_Globals_e3444	~Globals	e3444	408
getLineArray_e4384	getLineArray	e4384	426
loadFont_e47c4	loadFont	e47c4	438
Globals_e31e0	Globals	e31e0	472
longToTimeString_e3994	longToTimeString	e3994	498
getInAppPurchaseArrayIndex_e8c88	getInAppPurchaseArrayIndex	e8c88	546
playMusicAndFadeOutCurrent_e55cc	playMusicAndFadeOutCurrent	e55cc	554
getWreckCollision_e4bb8	getWreckCollision	e4bb8	562
init_e3618	init	e3618	632
createBillBoard_e3e08	createBillBoard	e3e08	662
setCoordsSteer_e8404	setCoordsSteer	e8404	754
setCoordsFire_e8764	setCoordsFire	e8764	1016
getDialogueSoundId_e5818	getDialogueSoundId	e5818	1250
getShipGroup_e4e14	getShipGroup	e4e14	1710
getAgentMissionText_e5ed4	getAgentMissionText	e5ed4	7024
