ShaderSetInActive_86334	ShaderSetInActive	86334	22
initFileInterface_6daf4	initFileInterface	6daf4	32
DrawCloakFBO_868b0	DrawCloakFBO	868b0	36
SetEyePosition_850c0	SetEyePosition	850c0	42
DrawLine2D_85e2c	DrawLine2D	85e2c	48
GlowBeginGlow_86988	GlowBeginGlow	86988	60
SetFrameBufferTexture_84aa0	SetFrameBufferTexture	84aa0	102
ShaderRegister_84a20	ShaderRegister	84a20	108
IsExtensionSupported_86452	IsExtensionSupported	86452	110
ClearBuffer_84558	ClearBuffer	84558	118
DrawQuad_868f0	DrawQuad	868f0	118
LightSetLightPosition_8595c	LightSetLightPosition	8595c	126
LightSetMaterialColorDiffuse_85c14	LightSetMaterialColorDiffuse	85c14	134
LightSetLightDirection_858d0	LightSetLightDirection	858d0	136
LightSetMaterialColorSpecular_85d44	LightSetMaterialColorSpecular	85d44	136
LightSetLight_85788	LightSetLight	85788	148
AfterGLInit_8428c	AfterGLInit	8428c	154
LightSetGlobalSceneColorAmbient_85830	LightSetGlobalSceneColorAmbient	85830	154
LightSetMaterialColorAmbient_85ca0	LightSetMaterialColorAmbient	85ca0	158
_Engine_8415c	~Engine	8415c	168
LightSetLightColorDiffuse_859e0	LightSetLightColorDiffuse	859e0	174
LightSetLightColorSpecular_85b60	LightSetLightColorSpecular	85b60	174
ShaderSetActive_85e60	ShaderSetActive	85e60	178
SetTextureSlot_84ffc	SetTextureSlot	84ffc	184
SetWorldViewMatrix_853b0	SetWorldViewMatrix	853b0	192
LightSetLightColorAmbient_85a94	LightSetLightColorAmbient	85a94	198
SetOrthoMatrix_854e8	SetOrthoMatrix	854e8	216
SetColor_855c8	SetColor	855c8	228
AEClientState_86350	AEClientState	86350	246
SetPostEffect_865fc	SetPostEffect	865fc	290
SetTextures_84c44	SetTextures	84c44	292
SetTexturesExt_84b0c	SetTexturesExt	84b0c	296
DoPostEffect_8675c	DoPostEffect	8675c	310
InitGL_6db20	InitGL	6db20	360
SetModelMatrix_851f4	SetModelMatrix	851f4	400
ResetLightParam_84348	ResetLightParam	84348	406
Engine_83eec	Engine	83eec	470
GlEnable_84d7c	GlEnable	84d7c	566
ShaderInit_846ac	ShaderInit	846ac	794
RenderMesh_85f24	RenderMesh	85f24	918
