getCurrentItem_11e744	getCurrentItem	11e744	8
HangarList_11d9f4	HangarList	11d9f4	10
getCurrentTabItems_11e772	getCurrentTabItems	11e772	12
_HangarList_11d9fe	~HangarList	11d9fe	14
getCurrentLength_11e786	getCurrentLength	11e786	20
getCurrentItemAt_11e74a	getCurrentItemAt	11e74a	40
init_11e234	init	11e234	80
release_11da10	release	11da10	108
fillIngredientsList_11e5a8	fillIngredientsList	11e5a8	332
initBlueprintTab_11e088	initBlueprintTab	11e088	394
initShopTab_11de38	initShopTab	11de38	554
initShipTab_11db48	initShipTab	11db48	626
fillBuyList_11e2e0	fillBuyList	11e2e0	656
