play_7fee4	play	7fee4	6
AESoundRessource_7fa78	AESoundRessource	7fa78	22
stop_7fff4	stop	7fff4	34
supend_80018	supend	80018	34
pause_80080	pause	80080	34
resume_800e8	resume	800e8	34
SetSound_7fb74	SetSound	7fb74	40
setVolume_7fd14	setVolume	7fd14	46
setSoundVolume_7fd42	setSoundVolume	7fd42	46
setMusicVolume_7fd70	setMusicVolume	7fd70	46
freeAllRessources_7fb0c	freeAllRessources	7fb0c	48
release_7fde8	release	7fde8	62
stop_7ffb0	stop	7ffb0	64
pause_8003c	pause	8003c	64
resume_800a4	resume	800a4	64
isPlaying_7fda0	isPlaying	7fda0	66
getSoundInfo_7fa30	getSoundInfo	7fa30	72
setVolume_7fcc4	setVolume	7fcc4	76
_AESoundRessource_7faaa	~AESoundRessource	7faaa	84
playMusic_7fe2c	playMusic	7fe2c	86
playMusicLoop_7fe88	playMusicLoop	7fe88	86
playLoop_7ff54	playLoop	7ff54	86
initWithoutLoading_7fbd0	initWithoutLoading	7fbd0	92
play_7feec	play	7feec	98
init_7fc38	init	7fc38	126
