SetAnimationSpeed_74c5c	SetAnimationSpeed	74c5c	6
SetCurrentAnimationTime_77424	SetCurrentAnimationTime	77424	6
SetVisible_77630	SetVisible	77630	6
SetAnimationState_74c3c	SetAnimationState	74c3c	8
SetAnimationLength_75004	SetAnimationLength	75004	10
Update_74cc8	Update	74cc8	12
PauseAnimationWithTimeStamp_75888	PauseAnimationWithTimeStamp	75888	24
IsRunning_773fa	IsRunning	773fa	42
PauseAnimationWithKeyFrame_7500e	PauseAnimationWithKeyFrame	7500e	52
_Transform_775a8	~Transform	775a8	64
InsertKeyFrame_759c4	InsertKeyFrame	759c4	68
SetVFCFlag_7742a	SetVFCFlag	7742a	78
SetAnimationRangeInKeyFrames_74fb4	SetAnimationRangeInKeyFrames	74fb4	80
InitAnimationRangeInTime_74c62	InitAnimationRangeInTime	74c62	102
AddKeyFrame_758a0	AddKeyFrame	758a0	130
CollectAnimationData_74b9a	CollectAnimationData	74b9a	162
SetAnimationRangeInTime_74e90	SetAnimationRangeInTime	74e90	292
InCameraVF_77478	InCameraVF	77478	300
Transform_746a0	Transform	746a0	394
Transform_74918	Transform	74918	508
InsertKeyFrame_75f10	InsertKeyFrame	75f10	1178
UpdateKeyFrames_75a08	UpdateKeyFrames	75a08	1288
InternUpdate_75048	InternUpdate	75048	2024
InsertKeyFrame_old_7640c	InsertKeyFrame_old	7640c	3778
