setAutofireEnabled_161354	setAutofireEnabled	161354	6
cargoFull_1636d8	cargoFull	1636d8	6
setHackingGameActive_1636de	setHackingGameActive	1636de	6
isHackingGameActive_1636e4	isHackingGameActive	1636e4	6
jumpMapSelected_166510	jumpMapSelected	166510	6
setJumpMapSelected_166516	setJumpMapSelected	166516	6
enableFireForTutorial_16651c	enableFireForTutorial	16651c	6
setCurrentSecondaryWeapon_1622ec	setCurrentSecondaryWeapon	1622ec	10
firePressed_1636ea	firePressed	1636ea	10
resetAnalogStick_166004	resetAnalogStick	166004	10
playerHit_16323e	playerHit	16323e	14
setTimeExtender_1624b8	setTimeExtender	1624b8	36
closeHudMenu_1613aa	closeHudMenu	1613aa	38
getAnalogX_166522	getAnalogX	166522	40
getAnalogY_16654a	getAnalogY	16654a	40
addToEventQueue_162488	addToEventQueue	162488	48
releaseAllKeys_161440	releaseAllKeys	161440	52
drawPauseButton_1637a4	drawPauseButton	1637a4	58
sameHudEventAsBefore_162760	sameHudEventAsBefore	162760	62
sameHudEventAsBeforeAggregate_163200	sameHudEventAsBeforeAggregate	163200	62
clearQueue_162550	clearQueue	162550	78
Hud_1603fc	Hud	1603fc	100
checkIfQuickMenuIsEmpty_1613d0	checkIfQuickMenuIsEmpty	1613d0	106
updateQueue_1624dc	updateQueue	1624dc	116
touchEnd_166b84	touchEnd	166b84	118
_Hud_16126c	~Hud	16126c	156
drawEventString_1636f4	drawEventString	1636f4	164
touchBegin_1669fc	touchBegin	1669fc	186
touchMove_166ab8	touchMove	166ab8	200
updateSecondaryWeaponString_161478	updateSecondaryWeaponString	161478	234
hudEventMedal_1625a0	hudEventMedal	1625a0	324
drawEventQueue_1622f4	drawEventQueue	1622f4	374
drawOrbitInformation_166018	drawOrbitInformation	166018	506
drawMenu_166278	drawMenu	166278	604
drawChallengeModeScore_1637e0	drawChallengeModeScore	1637e0	834
catchCargo_16324c	catchCargo	16324c	882
touchedElement_166574	touchedElement	166574	1146
hudEvent_1627a0	hudEvent	1627a0	2010
initHudMenu_1615c8	initHudMenu	1615c8	2976
init_1604e4	init	1604e4	3352
draw_163b90	draw	163b90	8698
