Status_a8ac0	Status	a8ac0	466
_Status_a8d96	~Status	a8d96	154
addPendingProduct_a8ef4	addPendingProduct	a8ef4	168
addStationToStack_a8fee	addStationToStack	a8fee	154
setStation_a90b0	setStation	a90b0	406
departStation_a924c	departStation	a924c	996
moveWanted_a9684	moveWanted	a9684	852
nextCampaignMission_a9a8c	nextCampaignMission	a9a8c	7650
inEmptyOrbit_abc18	inEmptyOrbit	abc18	150
getWantedInCurrentOrbit_abe64	getWantedInCurrentOrbit	abe64	154
missionFailed_abee6	missionFailed	abee6	104
missionCompleted_abf38	missionCompleted	abf38	1344
removeMission_ac518	removeMission	ac518	174
checkForLevelUp_ac628	checkForLevelUp	ac628	118
setWingmen_ac7be	setWingmen	ac7be	132
replaceHash_ac83c	replaceHash	ac83c	130
replaceHash_ac8d4	replaceHash	ac8d4	242
calcCargoPrices_aca10	calcCargoPrices	aca10	690
wantedBoardAccessible_ace5c	wantedBoardAccessible	ace5c	146
activateNewWanted_acedc	activateNewWanted	acedc	948
resetGame_ad304	resetGame	ad304	1616
