getCurrentTab_148a44	getCurrentTab	148a44	8
hideMessage_14ecc0	hideMessage	14ecc0	8
render3D_1490c8	render3D	1490c8	14
isInSpecialMode_148a64	isInSpecialMode	148a64	22
listMode_148a4a	listMode	148a4a	26
currentItemIsHighlighted_14e550	currentItemIsHighlighted	14e550	32
refreshCurrentContentHeight_148a10	refreshCurrentContentHeight	148a10	44
getRelativeScrollStartPos_14b6bc	getRelativeScrollStartPos	14b6bc	44
getRelativeScrollHeight_14b6ec	getRelativeScrollHeight	14b6ec	78
readyToClose_14e4f0	readyToClose	14e4f0	92
highlightItem_14bbec	highlightItem	14bbec	94
HangarWindow_147d20	HangarWindow	147d20	114
_HangarWindow_147d9c	~HangarWindow	147d9c	132
refreshCargoAvailabilityForBlueprints_14900c	refreshCargoAvailabilityForBlueprints	14900c	184
OnTouchMove_14be98	OnTouchMove	14be98	334
showFreeCreditsWindow_14e32c	showFreeCreditsWindow	14e32c	366
mountItem_14df98	mountItem	14df98	372
demountItem_14de04	demountItem	14de04	388
showCreditsBuyWindow_14e118	showCreditsBuyWindow	14e118	410
update_148a7e	update	148a7e	488
autoEquipSecondaryWeapons_14bc50	autoEquipSecondaryWeapons	14bc50	504
transaction_148c68	transaction	148c68	820
OnTouchBegin_14b740	OnTouchBegin	14b740	1036
selectItem_14e570	selectItem	14e570	1620
setSellMode_14bff0	setSellMode	14bff0	1626
initialize_147e24	initialize	147e24	2838
OnTouchEnd_14c740	OnTouchEnd	14c740	4970
render_1490d8	render	1490d8	8732
