missionChanged_c9b48	missionChanged	c9b48	6
setJumpMapMode_c804c	setJumpMapMode	c804c	10
isInPlanetMode_c8040	isInPlanetMode	c8040	12
setStart_c7dd8	setStart	c7dd8	52
initLights_c7d9c	initLights	c7d9c	54
askForJumpIntoAlienWorld_c9b50	askForJumpIntoAlienWorld	c9b50	54
render_c8058	render	c8058	134
_StarMap_c749c	~StarMap	c749c	224
depart_c7e0c	depart	c7e0c	508
drawKey_c80e8	drawKey	c80e8	560
OnTouchBegin_ca7e0	OnTouchBegin	ca7e0	778
OnTouchMove_cab0c	OnTouchMove	cab0c	846
StarMap_c67a4	StarMap	c67a4	930
initStarSystem_c7580	initStarSystem	c7580	1912
init_c6bf0	init	c6bf0	2076
draw_c90f4	draw	c90f4	2460
OnTouchEnd_cae90	OnTouchEnd	cae90	2668
update_c9b90	update	c9b90	2970
drawOnScreenInfo_c8354	drawOnScreenInfo	c8354	3336
