Matrix_6e8d8	Matrix	6e8d8	68
operator_cast_to_float__7395c	operator.cast.to.float*	7395c	26
operator_cast_to_float__7395e	operator.cast.to.float*	7395e	26
operator___7397a	operator+=	7397a	25
operator___739de	operator*=	739de	25
operator___73a3a	operator/=	73a3a	25
operator__73aca	operator+	73aca	25
operator__73b2e	operator*	73b2e	25
operator__73b8a	operator*	73b8a	25
operator__73be6	operator/	73be6	25
operator___73c3a	operator==	73c3a	25
operator__73cbe	operator<	73cbe	92
operator__73d02	operator>	73d02	92
operator___73d46	operator<=	73d46	92
operator___73d8a	operator>=	73d8a	92
VectorDot_73dd2	VectorDot	73dd2	66
VectorCross_73dfc	VectorCross	73dfc	86
VectorNormalize_73e3c	VectorNormalize	73e3c	84
VectorLength_73eb8	VectorLength	73eb8	76
Merge_73f30	Merge	73f30	226
Merge_74000	Merge	74000	348
operator_cast_to_float__8012c	operator.cast.to.float*	8012c	26
operator_cast_to_float__8012e	operator.cast.to.float*	8012e	26
operator___8016a	operator*=	8016a	374
operator__802c8	operator*	802c8	402
operator__8060e	operator*	8060e	146
MatrixIdentity_80694	MatrixIdentity	80694	126
MatrixTransformVector_8073c	MatrixTransformVector	8073c	25
MatrixRotateVector_807b6	MatrixRotateVector	807b6	487
MatrixInverseTransformVector_80818	MatrixInverseTransformVector	80818	25
MatrixInverseRotateVector_808b6	MatrixInverseRotateVector	808b6	383
MatrixSetRotation_80918	MatrixSetRotation	80918	25
MatrixSetRotation_809f0	MatrixSetRotation	809f0	728
MatrixSetRotation_80cc4	MatrixSetRotation	80cc4	142
MatrixSetScaling_80d84	MatrixSetScaling	80d84	216
MatrixGetLookAt_80f18	MatrixGetLookAt	80f18	190
