ImageFontSetSpacing_72266	ImageFontSetSpacing	72266	6
ImageFontSetYOffset_72278	ImageFontSetYOffset	72278	6
ImageFontGetYOffset_721da	ImageFontGetYOffset	721da	12
ImageFontGetSpacing_7226c	ImageFontGetSpacing	7226c	12
operator__73654	operator+	73654	12
ImageFontCheckString_72130	ImageFontCheckString	72130	14
MODF_72adc	MODF	72adc	26
Image2DRelease_71b64	Image2DRelease	71b64	28
MeshRelease_6c362	MeshRelease	6c362	32
ImageFontGetHeight_721ba	ImageFontGetHeight	721ba	32
ImageRelease_6ee94	ImageRelease	6ee94	34
SpriteSystemSetAllSize_86db8	SpriteSystemSetAllSize	86db8	34
TextureCreateFromFile_6f7cc	TextureCreateFromFile	6f7cc	40
TransformConvertToVBO_6d7e0	TransformConvertToVBO	6d7e0	56
CurveCreate_7415c	CurveCreate	7415c	56
MeshConvertToVBO_6bbac	MeshConvertToVBO	6bbac	58
ImageFontDrawString_71b80	ImageFontDrawString	71b80	58
operator__6ee56	operator*	6ee56	62
operator__6ebd0	operator-	6ebd0	74
operator__6ee0c	operator+	6ee0c	74
operator__72e7c	operator+	72e7c	74
operator__737dc	operator+	737dc	74
operator__738b0	operator+	738b0	74
operator__736dc	operator+	736dc	76
operator___7390c	operator==	7390c	76
TransformRelease_6c314	TransformRelease	6c314	78
SpriteSystemRelease_87064	SpriteSystemRelease	87064	84
CurveRelease_74322	CurveRelease	74322	86
operator__7373c	operator+	7373c	90
operator__73838	operator+	73838	90
operator__73660	operator+	73660	92
SpriteSystemSetAllUv_86c6c	SpriteSystemSetAllUv	86c6c	102
ImageFontRelease_7227e	ImageFontRelease	7227e	106
SpriteSystemSetUv_86cd4	SpriteSystemSetUv	86cd4	108
SpriteSystemSetRGBA_86d44	SpriteSystemSetRGBA	86d44	116
ImageFontGetWidth_7213e	ImageFontGetWidth	7213e	124
ImageFontGetWidth_721e6	ImageFontGetWidth	721e6	128
CameraSetPerspective_713c0	CameraSetPerspective	713c0	140
esMatrixMultiply_84618	esMatrixMultiply	84618	144
CameraSetPerspective_7130c	CameraSetPerspective	7130c	174
MeshCreate_6c4d4	MeshCreate	6c4d4	302
MeshReleaseIntern_6c380	MeshReleaseIntern	6c380	332
MeshDraw_6d3ac	MeshDraw	6d3ac	350
getAppVersion_6db20	getAppVersion	6db20	360
CameraIsPointinViewFrustum_7144c	CameraIsPointinViewFrustum	7144c	374
SpriteSystemCreate_86adc	SpriteSystemCreate	86adc	394
CurveGetValue_74194	CurveGetValue	74194	398
MaterialDraw_870b8	MaterialDraw	870b8	400
CameraIsSphereinViewFrustum_715cc	CameraIsSphereinViewFrustum	715cc	428
computeFloatString_72af8	computeFloatString	72af8	430
ImageCreateRegionFromFile_6eeb8	ImageCreateRegionFromFile	6eeb8	626
SpriteSystemDraw_86ddc	SpriteSystemDraw	86ddc	636
MeshIntersect_6d818	MeshIntersect	6d818	670
ImageCreateFromFile_6f4d4	ImageCreateFromFile	6f4d4	672
MeshConvertToVBOIntern_6d510	MeshConvertToVBOIntern	6d510	700
MeshCreateFromFile_6d074	MeshCreateFromFile	6d074	768
ImageCreateFontFromFile_6f13c	ImageCreateFontFromFile	6f13c	896
ImageFontDrawString_71bc0	ImageFontDrawString	71bc0	1366
TextureCreateFromFileIntern_6f7f4	TextureCreateFromFileIntern	6f7f4	1956
MeshReadData_6c608	MeshReadData	6c608	2572
