loadStation_11f948	loadStation	11f948	38
loadStationsBinary_1206b0	loadStationsBinary	1206b0	224
loadStationCollision_11fc5c	loadStationCollision	11fc5c	246
loadWreckCollision_11fd78	loadWreckCollision	11fd78	246
loadStaticCollision_11fe94	loadStaticCollision	11fe94	246
loadShipsBinary_120ca8	loadShipsBinary	120ca8	250
loadTicker_121144	loadTicker	121144	286
loadStationsBinary_11f970	loadStationsBinary	11f970	288
loadStationsBinary_12014c	loadStationsBinary	12014c	300
loadShipParts_11fad0	loadShipParts	11fad0	352
loadStationParts_11ffb0	loadStationParts	11ffb0	368
loadItemsBinary_120afc	loadItemsBinary	120afc	368
loadAgents_1202b8	loadAgents	1202b8	404
loadWeaponPositions_1212e4	loadWeaponPositions	1212e4	448
loadWanted_120490	loadWanted	120490	476
loadSpacePoints_121550	loadSpacePoints	121550	572
loadSystemsBinary_1207e0	loadSystemsBinary	1207e0	622
loadNamesBinary_120dd0	loadNamesBinary	120dd0	654
