setNumberText_1692f8	setNumberText	1692f8	6
setSplitText_16934c	setSplitText	16934c	6
getWidth_169360	getWidth	169360	6
getHeight_169366	getHeight	169366	6
setHalfTransparent_16939e	setHalfTransparent	16939e	6
setVisible_1693a4	setVisible	1693a4	6
isVisible_1693aa	isVisible	1693aa	6
setAlwaysPressed_1693be	setAlwaysPressed	1693be	6
setTextColor_1693c4	setTextColor	1693c4	6
setPressProgress_1693ca	setPressProgress	1693ca	6
setPressProgressHighlight_1693d0	setPressProgressHighlight	1693d0	6
isTouched_1699d0	isTouched	1699d0	6
setPosition_16936c	setPosition	16936c	8
resetTouch_1699c8	resetTouch	1699c8	8
getText_169352	getText	169352	14
setYPosition_169374	setYPosition	169374	14
translate_1693b0	translate	1693b0	14
getPosition_169380	getPosition	169380	30
_TouchButton_169188	~TouchButton	169188	34
OnTouchMove_169a28	OnTouchMove	169a28	44
replaceTextKeepSize_169304	replaceTextKeepSize	169304	68
OnTouchBegin_1699d8	OnTouchBegin	1699d8	76
OnTouchEnd_169a54	OnTouchEnd	169a54	76
setPosition_1692a8	setPosition	1692a8	80
TouchButton_1690e4	TouchButton	1690e4	122
TouchButton_168e88	TouchButton	168e88	124
TouchButton_1684f0	TouchButton	1684f0	126
touchedInside_169938	touchedInside	169938	138
TouchButton_168f30	TouchButton	168f30	166
TouchButton_168ffc	TouchButton	168ffc	170
TouchButton_168cb0	TouchButton	168cb0	172
TouchButton_168d9c	TouchButton	168d9c	174
setText_1691b0	setText	1691b0	244
draw_1693d8	draw	1693d8	1338
init_168598	init	168598	1626
