Item_e0090	Item	e0090	46
init_e00a6	init	e00a6	106
_Item_e00f8	~Item	e00f8	26
setUnsaleable_e00fa	setUnsaleable	e00fa	30
canBeInstalledMultipleTimes_e0100	canBeInstalledMultipleTimes	e0100	34
getIndex_e0110	getIndex	e0110	28
getType_e0114	getType	e0114	28
getTecLevel_e0118	getTecLevel	e0118	28
getSort_e011c	getSort	e011c	28
getSinglePrice_e0120	getSinglePrice	e0120	28
getTotalPrice_e0124	getTotalPrice	e0124	32
getMaxPrice_e012c	getMaxPrice	e012c	28
getMinPrice_e0130	getMinPrice	e0130	28
getMaxPriceSystem_e0134	getMaxPriceSystem	e0134	28
getMinPriceSystem_e0138	getMinPriceSystem	e0138	28
setPrice_e013c	setPrice	e013c	28
setMinPrice_e0140	setMinPrice	e0140	28
setMaxPrice_e0144	setMaxPrice	e0144	28
getPriceRate_e0148	getPriceRate	e0148	60
setAmount_e016c	setAmount	e016c	28
getOccurence_e0170	getOccurence	e0170	28
getAmount_e0174	getAmount	e0174	28
changeAmount_e0178	changeAmount	e0178	32
getMissingIngredients_e0180	getMissingIngredients	e0180	28
setMissingIngredients_e0184	setMissingIngredients	e0184	28
setStationAmount_e0188	setStationAmount	e0188	28
getStationAmount_e018c	getStationAmount	e018c	28
changeStationAmount_e0190	changeStationAmount	e0190	32
setBlueprintAmount_e0198	setBlueprintAmount	e0198	28
getBlueprintAmount_e019c	getBlueprintAmount	e019c	28
changeBlueprintAmount_e01a0	changeBlueprintAmount	e01a0	32
getIngredients_e01a8	getIngredients	e01a8	28
getQuantities_e01ac	getQuantities	e01ac	28
getAttributes_e01b0	getAttributes	e01b0	28
getAttribute_e01b4	getAttribute	e01b4	70
transaction_e01e8	transaction	e01e8	102
transactionBlueprint_e023c	transactionBlueprint	e023c	74
isInList_e026e	isInList	e026e	74
isInList_e02a0	isInList	e02a0	34
isInList_e02a8	isInList	e02a8	32
fabricate_e02ae	fabricate	e02ae	150
makeItem_e0338	makeItem	e0338	42
combineItems_e034a	combineItems	e034a	336
extractItems_e049c	extractItems	e049c	114
combineDuplicates_e0504	combineDuplicates	e0504	154
mixItems_e05ca	mixItems	e05ca	480
equals_e07a6	equals	e07a6	44
isWeapon_e07ba	isWeapon	e07ba	36
makeItem_e07c6	makeItem	e07c6	42
clone_e07d8	clone	e07d8	80
makeItem_e0810	makeItem	e0810	42
checkCredits_e0824	checkCredits	e0824	56
adjustPrice_e0848	adjustPrice	e0848	90
checkCargoSpace_e088c	checkCargoSpace	e088c	74
isUnsaleable_e08c4	isUnsaleable	e08c4	30
